timestamp,I_nA,V_uV,R_uOhm,chip_temp_C,note
2026-07-20 17:16:31,15000188,321530,21435068,-172.3896,
2026-07-20 17:16:32,15000038,321526,21435000,-172.3900,
2026-07-20 17:16:33,14999992,321524,21434958,-172.3903,
2026-07-20 17:16:34,14999668,321516,21434850,-172.3909,
2026-07-20 17:16:35,14999882,321520,21434814,-172.3911,
2026-07-20 17:16:36,14999884,321519,21434756,-172.3915,
2026-07-20 17:16:37,15000006,321521,21434708,-172.3918,
2026-07-20 17:16:38,15000022,321521,21434668,-172.3920,
2026-07-20 17:16:39,14999990,321518,21434574,-172.3926,
2026-07-20 17:16:40,15000180,321522,21434558,-172.3927,
2026-07-20 17:16:41,15000134,321521,21434522,-172.3929,
2026-07-20 17:16:42,15000184,321520,21434428,-172.3934,
2026-07-20 17:16:43,14999254,321497,21434214,-172.3947,
2026-07-20 17:16:44,14999226,321496,21434182,-172.3949,
2026-07-20 17:16:45,14999308,321498,21434172,-172.3950,
2026-07-20 17:16:46,14999314,321497,21434134,-172.3952,
2026-07-20 17:16:47,14999280,321495,21434028,-172.3958,
2026-07-20 17:16:48,14999320,321495,21433958,-172.3963,
2026-07-20 17:16:49,14999520,321499,21433922,-172.3965,
2026-07-20 17:16:50,14999594,321500,21433884,-172.3967,
2026-07-20 17:16:51,14999752,321503,21433866,-172.3968,
2026-07-20 17:16:52,14999712,321501,21433790,-172.3973,
2026-07-20 17:16:53,14999700,321499,21433718,-172.3977,
2026-07-20 17:16:54,14999552,321495,21433632,-172.3982,
2026-07-20 17:16:55,14999664,321496,21433550,-172.3987,
2026-07-20 17:16:56,14999720,321497,21433528,-172.3988,
2026-07-20 17:16:57,14999800,321498,21433496,-172.3990,
2026-07-20 17:16:58,14999850,321498,21433430,-172.3994,
2026-07-20 17:16:59,15000140,321504,21433424,-172.3995,
2026-07-20 17:17:00,15000152,321504,21433366,-172.3998,
2026-07-20 17:17:01,14999982,321499,21433320,-172.4001,
2026-07-20 17:17:02,15000072,321501,21433274,-172.4004,
2026-07-20 17:17:03,15000204,321503,21433228,-172.4006,
2026-07-20 17:17:04,15000116,321500,21433180,-172.4009,
2026-07-20 17:17:05,15000096,321498,21433086,-172.4015,
2026-07-20 17:17:06,15000156,321499,21433060,-172.4016,
2026-07-20 17:17:07,15000062,321496,21432950,-172.4023,
2026-07-20 17:17:08,14999972,321493,21432886,-172.4027,
2026-07-20 17:17:09,15000072,321495,21432866,-172.4028,
2026-07-20 17:17:10,14999962,321492,21432828,-172.4030,
2026-07-20 17:17:11,15000130,321494,21432740,-172.4036,
2026-07-20 17:17:12,14999930,321489,21432702,-172.4038,
2026-07-20 17:17:13,14999770,321486,21432698,-172.4038,
2026-07-20 17:17:14,14999810,321486,21432664,-172.4040,
2026-07-20 17:17:15,14999754,321484,21432592,-172.4044,
2026-07-20 17:17:16,14999676,321481,21432512,-172.4049,
2026-07-20 17:17:17,14999832,321484,21432494,-172.4050,
2026-07-20 17:17:18,14999958,321486,21432436,-172.4054,
2026-07-20 17:17:19,15000072,321487,21432384,-172.4057,
2026-07-20 17:17:20,15000222,321491,21432386,-172.4057,
2026-07-20 17:17:21,15000438,321494,21432338,-172.4060,
2026-07-20 17:17:22,14999638,321475,21432178,-172.4069,
2026-07-20 17:17:23,15000026,321483,21432164,-172.4070,
2026-07-20 17:17:24,14999350,321466,21432010,-172.4079,
2026-07-20 17:17:25,14999652,321473,21432004,-172.4080,
2026-07-20 17:17:26,14999796,321475,21431970,-172.4082,
2026-07-20 17:17:27,14999856,321476,21431970,-172.4082,
2026-07-20 17:17:28,14999966,321479,21431948,-172.4083,
2026-07-20 17:17:29,15000218,321484,21431978,-172.4081,
2026-07-20 17:17:30,15000190,321483,21431930,-172.4084,
2026-07-20 17:17:31,14999490,321465,21431742,-172.4095,
2026-07-20 17:17:32,14999832,321473,21431756,-172.4095,
2026-07-20 17:17:33,14999864,321473,21431708,-172.4098,
2026-07-20 17:17:34,15000094,321477,21431688,-172.4099,
2026-07-20 17:17:35,15000062,321476,21431644,-172.4101,
2026-07-20 17:17:36,15000214,321478,21431590,-172.4105,
2026-07-20 17:17:37,15000254,321479,21431576,-172.4105,
2026-07-20 17:17:38,15000246,321477,21431468,-172.4112,
2026-07-20 17:17:39,15000298,321478,21431450,-172.4113,
2026-07-20 17:17:40,15000270,321477,21431438,-172.4114,
2026-07-20 17:17:41,15000108,321473,21431358,-172.4119,
2026-07-20 17:17:42,15000026,321470,21431316,-172.4121,
2026-07-20 17:17:43,14999918,321467,21431252,-172.4125,
2026-07-20 17:17:44,15000030,321469,21431212,-172.4127,
2026-07-20 17:17:45,15000022,321468,21431146,-172.4131,
2026-07-20 17:17:46,15000214,321472,21431178,-172.4129,
2026-07-20 17:17:47,15000272,321473,21431138,-172.4132,
2026-07-20 17:17:48,15000250,321471,21431064,-172.4136,
2026-07-20 17:17:49,15000356,321474,21431086,-172.4135,
2026-07-20 17:17:50,15000388,321474,21431048,-172.4137,
2026-07-20 17:17:51,15000302,321471,21430970,-172.4142,
2026-07-20 17:17:52,15000328,321471,21430928,-172.4144,
2026-07-20 17:17:53,15000358,321471,21430902,-172.4146,
2026-07-20 17:17:54,15000306,321469,21430842,-172.4149,
2026-07-20 17:17:55,15000258,321468,21430808,-172.4152,
2026-07-20 17:17:56,15000334,321469,21430812,-172.4151,
2026-07-20 17:17:57,15000362,321469,21430766,-172.4154,
2026-07-20 17:17:58,15000448,321470,21430718,-172.4157,
2026-07-20 17:17:59,15000524,321471,21430648,-172.4161,
2026-07-20 17:18:00,14999730,321452,21430494,-172.4170,
2026-07-20 17:18:01,15000078,321459,21430478,-172.4171,
2026-07-20 17:18:02,14999304,321440,21430326,-172.4180,
2026-07-20 17:18:03,14999590,321446,21430352,-172.4179,
2026-07-20 17:18:04,14999554,321445,21430312,-172.4181,
2026-07-20 17:18:05,14999646,321448,21430358,-172.4179,
2026-07-20 17:18:06,14999800,321451,21430354,-172.4179,
2026-07-20 17:18:07,14999822,321451,21430302,-172.4182,
2026-07-20 17:18:08,14999866,321451,21430264,-172.4184,
2026-07-20 17:18:09,14999854,321451,21430264,-172.4184,
2026-07-20 17:18:10,14999872,321450,21430192,-172.4188,
2026-07-20 17:18:11,14999970,321452,21430188,-172.4189,
2026-07-20 17:18:12,15000014,321452,21430146,-172.4191,
2026-07-20 17:18:13,15000028,321452,21430090,-172.4195,
2026-07-20 17:18:14,15000086,321452,21430044,-172.4197,
2026-07-20 17:18:15,14999906,321447,21429946,-172.4203,
2026-07-20 17:18:16,15000004,321449,21429942,-172.4203,
2026-07-20 17:18:17,14999846,321446,21429920,-172.4205,
2026-07-20 17:18:18,14999576,321439,21429862,-172.4208,
2026-07-20 17:18:19,14999486,321435,21429764,-172.4214,
2026-07-20 17:18:20,14999568,321437,21429738,-172.4216,
2026-07-20 17:18:21,14999602,321437,21429678,-172.4219,
2026-07-20 17:18:22,14999796,321441,21429672,-172.4220,
2026-07-20 17:18:23,14999846,321442,21429662,-172.4220,
2026-07-20 17:18:24,14999914,321443,21429636,-172.4222,
2026-07-20 17:18:25,14999730,321438,21429600,-172.4224,
2026-07-20 17:18:26,14999872,321441,21429600,-172.4224,
2026-07-20 17:18:27,15000034,321445,21429642,-172.4221,
2026-07-20 17:18:28,14999942,321442,21429570,-172.4226,
2026-07-20 17:18:29,14999976,321442,21429530,-172.4228,
2026-07-20 17:18:30,14999926,321441,21429486,-172.4231,
2026-07-20 17:18:31,14999814,321437,21429418,-172.4235,
2026-07-20 17:18:32,14999610,321432,21429364,-172.4238,
2026-07-20 17:18:33,14999698,321433,21429326,-172.4240,
2026-07-20 17:18:34,14999560,321430,21429280,-172.4243,
2026-07-20 17:18:35,14999492,321428,21429260,-172.4244,
2026-07-20 17:18:36,14999498,321428,21429218,-172.4247,
2026-07-20 17:18:37,14999540,321428,21429204,-172.4248,
2026-07-20 17:18:38,14999534,321427,21429144,-172.4251,
2026-07-20 17:18:39,14999596,321428,21429126,-172.4252,
2026-07-20 17:18:40,14999576,321428,21429126,-172.4252,
2026-07-20 17:18:41,14999532,321426,21429058,-172.4257,
2026-07-20 17:18:42,14999622,321428,21429052,-172.4257,
2026-07-20 17:18:43,14999622,321427,21429034,-172.4258,
2026-07-20 17:18:44,14999652,321428,21429036,-172.4258,
2026-07-20 17:18:45,14999676,321429,21429058,-172.4257,
2026-07-20 17:18:46,14999916,321434,21429024,-172.4259,
2026-07-20 17:18:47,15000012,321435,21428992,-172.4260,
2026-07-20 17:18:48,15000084,321436,21428966,-172.4262,
2026-07-20 17:18:49,15000836,321453,21429026,-172.4258,
2026-07-20 17:18:50,15000412,321443,21428934,-172.4264,
2026-07-20 17:18:51,15000216,321438,21428892,-172.4266,
2026-07-20 17:18:52,15000088,321435,21428856,-172.4269,
2026-07-20 17:18:53,14999944,321431,21428794,-172.4272,
2026-07-20 17:18:54,14999884,321429,21428792,-172.4272,
2026-07-20 17:18:55,15000762,321450,21428896,-172.4266,
2026-07-20 17:18:56,15000562,321444,21428802,-172.4272,
2026-07-20 17:18:57,15000440,321441,21428754,-172.4275,
2026-07-20 17:18:58,15000274,321437,21428714,-172.4277,
2026-07-20 17:18:59,15000280,321437,21428700,-172.4278,
2026-07-20 17:19:00,15000230,321435,21428648,-172.4281,
2026-07-20 17:19:01,15000106,321431,21428586,-172.4285,
2026-07-20 17:19:02,15000082,321430,21428548,-172.4287,
2026-07-20 17:19:03,14999846,321424,21428468,-172.4292,
2026-07-20 17:19:04,14999802,321422,21428400,-172.4296,
2026-07-20 17:19:05,14999778,321421,21428376,-172.4297,
2026-07-20 17:19:06,14999870,321423,21428368,-172.4298,
2026-07-20 17:19:07,14999902,321423,21428344,-172.4299,
2026-07-20 17:19:08,14999908,321423,21428324,-172.4301,
2026-07-20 17:19:09,14999914,321422,21428260,-172.4304,
2026-07-20 17:19:10,15000058,321426,21428290,-172.4303,
2026-07-20 17:19:11,15000238,321429,21428266,-172.4304,
2026-07-20 17:19:12,15000264,321430,21428280,-172.4303,
2026-07-20 17:19:13,15000272,321429,21428222,-172.4307,
2026-07-20 17:19:14,15000324,321430,21428214,-172.4307,
2026-07-20 17:19:15,15000552,321435,21428200,-172.4308,
2026-07-20 17:19:16,15000618,321436,21428216,-172.4307,
2026-07-20 17:19:17,15000612,321436,21428168,-172.4310,
2026-07-20 17:19:18,15000526,321433,21428100,-172.4314,
2026-07-20 17:19:19,15000376,321429,21428084,-172.4315,
2026-07-20 17:19:20,15000244,321426,21428054,-172.4317,
2026-07-20 17:19:21,15000380,321429,21428060,-172.4316,
2026-07-20 17:19:22,15000284,321426,21427984,-172.4321,
2026-07-20 17:19:23,15000278,321425,21427916,-172.4325,
2026-07-20 17:19:24,15000220,321424,21427942,-172.4323,
2026-07-20 17:19:25,15000192,321423,21427918,-172.4325,
2026-07-20 17:19:26,15000378,321427,21427942,-172.4323,
2026-07-20 17:19:27,15000434,321428,21427930,-172.4324,
2026-07-20 17:19:28,15000344,321426,21427912,-172.4325,
2026-07-20 17:19:29,15000482,321429,21427904,-172.4326,
2026-07-20 17:19:30,15000594,321431,21427894,-172.4326,
2026-07-20 17:19:31,15000512,321429,21427868,-172.4328,
2026-07-20 17:19:32,15000514,321428,21427824,-172.4331,
2026-07-20 17:19:33,15000470,321426,21427758,-172.4335,
2026-07-20 17:19:34,15000510,321427,21427722,-172.4337,
2026-07-20 17:19:35,14999628,321405,21427544,-172.4347,
2026-07-20 17:19:36,14999806,321409,21427546,-172.4347,
2026-07-20 17:19:37,14999816,321409,21427524,-172.4349,
2026-07-20 17:19:38,14999714,321407,21427538,-172.4348,
2026-07-20 17:19:39,14999636,321404,21427446,-172.4353,
2026-07-20 17:19:40,14999672,321404,21427436,-172.4354,
2026-07-20 17:19:41,14999688,321405,21427452,-172.4353,
2026-07-20 17:19:42,14999516,321401,21427430,-172.4354,
2026-07-20 17:19:43,14999432,321398,21427376,-172.4357,
2026-07-20 17:19:44,14999378,321398,21427392,-172.4356,
2026-07-20 17:19:45,14999402,321398,21427402,-172.4356,
2026-07-20 17:19:46,14999524,321400,21427352,-172.4359,
2026-07-20 17:19:47,14999448,321398,21427314,-172.4361,
2026-07-20 17:19:48,14999354,321395,21427290,-172.4363,
2026-07-20 17:19:49,14999450,321397,21427282,-172.4363,
2026-07-20 17:19:50,14999522,321399,21427296,-172.4362,
2026-07-20 17:19:51,14999642,321402,21427282,-172.4363,
2026-07-20 17:19:52,14999646,321402,21427270,-172.4364,
2026-07-20 17:19:53,14999698,321402,21427228,-172.4366,
2026-07-20 17:19:54,14999746,321402,21427184,-172.4369,
2026-07-20 17:19:55,14999744,321403,21427200,-172.4368,
2026-07-20 17:19:56,14999752,321402,21427182,-172.4369,
2026-07-20 17:19:57,14999786,321402,21427136,-172.4372,
2026-07-20 17:19:58,14999758,321402,21427134,-172.4372,
2026-07-20 17:19:59,14999688,321399,21427066,-172.4376,
2026-07-20 17:20:00,14999756,321401,21427094,-172.4374,
2026-07-20 17:20:01,14999538,321396,21427054,-172.4377,
2026-07-20 17:20:02,14999588,321397,21427046,-172.4377,
2026-07-20 17:20:03,14999700,321400,21427120,-172.4373,
2026-07-20 17:20:04,14999720,321400,21427090,-172.4375,
2026-07-20 17:20:05,14999846,321403,21427108,-172.4374,
2026-07-20 17:20:06,14999970,321406,21427080,-172.4375,
2026-07-20 17:20:07,14999864,321403,21427050,-172.4377,
2026-07-20 17:20:08,14999862,321403,21427030,-172.4378,
2026-07-20 17:20:09,14999710,321398,21426932,-172.4384,
2026-07-20 17:20:10,14999802,321399,21426902,-172.4386,
2026-07-20 17:20:11,14999860,321401,21426926,-172.4384,
2026-07-20 17:20:12,14999830,321400,21426898,-172.4386,
2026-07-20 17:20:13,14999854,321400,21426842,-172.4389,
2026-07-20 17:20:14,15000022,321403,21426834,-172.4390,
2026-07-20 17:20:15,14999896,321400,21426812,-172.4391,
2026-07-20 17:20:16,14999902,321399,21426746,-172.4395,
2026-07-20 17:20:17,14999814,321397,21426734,-172.4396,
2026-07-20 17:20:18,14999824,321397,21426742,-172.4395,
2026-07-20 17:20:19,14999746,321396,21426752,-172.4395,
2026-07-20 17:20:20,14999680,321395,21426774,-172.4394,
2026-07-20 17:20:21,14999602,321392,21426718,-172.4397,
2026-07-20 17:20:22,14999748,321395,21426712,-172.4397,
2026-07-20 17:20:23,14999886,321398,21426730,-172.4396,
2026-07-20 17:20:24,14999952,321399,21426684,-172.4399,
2026-07-20 17:20:25,14999964,321399,21426646,-172.4401,
2026-07-20 17:20:26,14999834,321396,21426634,-172.4402,
2026-07-20 17:20:27,14999810,321395,21426600,-172.4404,
2026-07-20 17:20:28,15000632,321414,21426722,-172.4397,
2026-07-20 17:20:29,15000438,321409,21426634,-172.4402,
2026-07-20 17:20:30,15000318,321406,21426630,-172.4402,
2026-07-20 17:20:31,15000240,321404,21426622,-172.4403,
2026-07-20 17:20:32,15000292,321406,21426628,-172.4402,
2026-07-20 17:20:33,15000266,321404,21426584,-172.4405,
2026-07-20 17:20:34,15000340,321406,21426578,-172.4405,
2026-07-20 17:20:35,15000328,321405,21426558,-172.4407,
2026-07-20 17:20:36,15000246,321403,21426522,-172.4409,
2026-07-20 17:20:37,15000130,321400,21426462,-172.4412,
2026-07-20 17:20:38,15000106,321399,21426474,-172.4412,
2026-07-20 17:20:39,15000016,321397,21426430,-172.4414,
2026-07-20 17:20:40,15000824,321416,21426538,-172.4408,
2026-07-20 17:20:41,15000664,321412,21426548,-172.4407,
2026-07-20 17:20:42,15000414,321406,21426442,-172.4413,
2026-07-20 17:20:43,15000218,321400,21426356,-172.4419,
2026-07-20 17:20:44,15000100,321397,21426312,-172.4421,
2026-07-20 17:20:45,15000122,321397,21426286,-172.4423,
2026-07-20 17:20:46,15000128,321397,21426252,-172.4425,
2026-07-20 17:20:47,15000050,321394,21426198,-172.4428,
2026-07-20 17:20:48,15000216,321398,21426216,-172.4427,
2026-07-20 17:20:49,15000144,321396,21426170,-172.4430,
2026-07-20 17:20:50,15000126,321395,21426132,-172.4432,
2026-07-20 17:20:51,15000280,321398,21426164,-172.4430,
2026-07-20 17:20:52,15000230,321398,21426198,-172.4428,
2026-07-20 17:20:53,15000256,321398,21426150,-172.4431,
2026-07-20 17:20:54,15000090,321393,21426072,-172.4436,
2026-07-20 17:20:55,15000040,321393,21426116,-172.4433,
2026-07-20 17:20:56,14999982,321391,21426124,-172.4433,
2026-07-20 17:20:57,15000138,321394,21426088,-172.4435,
2026-07-20 17:20:58,14999982,321390,21426022,-172.4439,
2026-07-20 17:20:59,14999996,321390,21425986,-172.4441,
2026-07-20 17:21:00,15000034,321390,21425978,-172.4441,
2026-07-20 17:21:01,15000036,321390,21425932,-172.4444,
2026-07-20 17:21:02,14999980,321389,21425938,-172.4444,
2026-07-20 17:21:03,14999968,321389,21425950,-172.4443,
2026-07-20 17:21:04,15000022,321390,21425956,-172.4443,
2026-07-20 17:21:05,15000026,321390,21425986,-172.4441,
2026-07-20 17:21:06,15000104,321391,21425952,-172.4443,
2026-07-20 17:21:07,15000162,321393,21425954,-172.4443,
2026-07-20 17:21:08,15000158,321393,21425962,-172.4442,
2026-07-20 17:21:09,15000176,321393,21425944,-172.4443,
2026-07-20 17:21:10,15000160,321392,21425930,-172.4444,
2026-07-20 17:21:11,15000110,321390,21425872,-172.4448,
2026-07-20 17:21:12,15000140,321391,21425846,-172.4449,
2026-07-20 17:21:13,15000030,321388,21425832,-172.4450,
2026-07-20 17:21:14,15000060,321389,21425822,-172.4451,
2026-07-20 17:21:15,15000082,321389,21425834,-172.4450,
2026-07-20 17:21:16,15000100,321389,21425794,-172.4452,
2026-07-20 17:21:17,15000064,321388,21425800,-172.4452,
2026-07-20 17:21:18,15000162,321390,21425790,-172.4453,
2026-07-20 17:21:19,15000316,321393,21425752,-172.4455,
2026-07-20 17:21:20,15000480,321397,21425790,-172.4453,
2026-07-20 17:21:21,15000352,321393,21425678,-172.4459,
2026-07-20 17:21:22,15000282,321391,21425694,-172.4458,
2026-07-20 17:21:23,15000202,321389,21425626,-172.4462,
2026-07-20 17:21:24,15000104,321386,21425580,-172.4465,
2026-07-20 17:21:25,15000062,321385,21425582,-172.4465,
2026-07-20 17:21:26,15000140,321387,21425574,-172.4466,
2026-07-20 17:21:27,15000170,321386,21425518,-172.4469,
2026-07-20 17:21:28,15000268,321388,21425510,-172.4469,
2026-07-20 17:21:29,15000210,321388,21425540,-172.4468,
2026-07-20 17:21:30,15000242,321389,21425568,-172.4466,
2026-07-20 17:21:31,15000228,321388,21425560,-172.4466,
2026-07-20 17:21:32,15000208,321388,21425538,-172.4468,
2026-07-20 17:21:33,15000260,321389,21425538,-172.4468,
2026-07-20 17:21:34,15000316,321390,21425540,-172.4468,
2026-07-20 17:21:35,15000350,321390,21425506,-172.4470,
2026-07-20 17:21:36,15000354,321389,21425448,-172.4473,
2026-07-20 17:21:37,15000276,321387,21425434,-172.4474,
2026-07-20 17:21:38,15000198,321386,21425440,-172.4474,
2026-07-20 17:21:39,15000316,321389,21425472,-172.4472,
2026-07-20 17:21:40,15000488,321393,21425476,-172.4471,
2026-07-20 17:21:41,15000590,321394,21425416,-172.4475,
2026-07-20 17:21:42,14999688,321372,21425278,-172.4483,
2026-07-20 17:21:43,14999804,321374,21425238,-172.4486,
2026-07-20 17:21:44,14999686,321372,21425240,-172.4486,
2026-07-20 17:21:45,14999746,321373,21425238,-172.4486,
2026-07-20 17:21:46,14999800,321374,21425224,-172.4487,
2026-07-20 17:21:47,14999570,321369,21425182,-172.4489,
2026-07-20 17:21:48,14999660,321370,21425184,-172.4489,
2026-07-20 17:21:49,14999672,321370,21425146,-172.4491,
2026-07-20 17:21:50,14999698,321370,21425124,-172.4493,
2026-07-20 17:21:51,14999792,321372,21425108,-172.4494,
2026-07-20 17:21:52,14999946,321376,21425166,-172.4490,
2026-07-20 17:21:53,14999886,321375,21425164,-172.4490,
2026-07-20 17:21:54,14999878,321374,21425108,-172.4494,
2026-07-20 17:21:55,14999870,321375,21425168,-172.4490,
2026-07-20 17:21:56,15000118,321380,21425140,-172.4492,
2026-07-20 17:21:57,15000080,321379,21425138,-172.4492,
2026-07-20 17:21:58,15000068,321378,21425132,-172.4492,
2026-07-20 17:21:59,15000070,321378,21425126,-172.4492,
2026-07-20 17:22:00,15000164,321381,21425174,-172.4490,
2026-07-20 17:22:01,15000030,321379,21425196,-172.4488,
2026-07-20 17:22:02,15000014,321378,21425152,-172.4491,
2026-07-20 17:22:03,15000028,321378,21425150,-172.4491,
2026-07-20 17:22:04,15000134,321380,21425116,-172.4493,
2026-07-20 17:22:05,14999914,321374,21425086,-172.4495,
2026-07-20 17:22:06,14999936,321374,21425046,-172.4497,
2026-07-20 17:22:07,14999766,321370,21425004,-172.4500,
2026-07-20 17:22:08,14999730,321369,21424968,-172.4502,
2026-07-20 17:22:09,14999648,321367,21424962,-172.4502,
2026-07-20 17:22:10,14999532,321363,21424886,-172.4507,
2026-07-20 17:22:11,14999528,321363,21424880,-172.4507,
2026-07-20 17:22:12,14999516,321363,21424870,-172.4508,
2026-07-20 17:22:13,14999600,321365,21424878,-172.4507,
2026-07-20 17:22:14,14999672,321366,21424870,-172.4508,
2026-07-20 17:22:15,14999810,321370,21424906,-172.4506,
2026-07-20 17:22:16,14999820,321369,21424876,-172.4507,
2026-07-20 17:22:17,14999726,321367,21424870,-172.4508,
2026-07-20 17:22:18,14999702,321366,21424828,-172.4510,
2026-07-20 17:22:19,14999590,321364,21424822,-172.4511,
2026-07-20 17:22:20,14999608,321364,21424808,-172.4512,
2026-07-20 17:22:21,14999632,321364,21424796,-172.4512,
2026-07-20 17:22:22,14999650,321364,21424776,-172.4513,
2026-07-20 17:22:23,15000298,321380,21424892,-172.4506,
2026-07-20 17:22:24,15000056,321374,21424842,-172.4509,
2026-07-20 17:22:25,14999818,321367,21424756,-172.4515,
2026-07-20 17:22:26,14999956,321370,21424756,-172.4515,
2026-07-20 17:22:27,14999930,321369,21424722,-172.4517,
2026-07-20 17:22:28,14999984,321370,21424692,-172.4518,
2026-07-20 17:22:29,14999962,321370,21424692,-172.4518,
2026-07-20 17:22:30,15000018,321370,21424664,-172.4520,
2026-07-20 17:22:31,14999836,321367,21424674,-172.4520,
2026-07-20 17:22:32,14999700,321364,21424702,-172.4518,
2026-07-20 17:22:33,14999776,321366,21424698,-172.4518,
2026-07-20 17:22:34,14999842,321367,21424684,-172.4519,
2026-07-20 17:22:35,14999834,321366,21424662,-172.4520,
2026-07-20 17:22:36,14999830,321365,21424586,-172.4525,
2026-07-20 17:22:37,14999946,321368,21424594,-172.4524,
2026-07-20 17:22:38,14999866,321366,21424592,-172.4524,
2026-07-20 17:22:39,15000012,321369,21424566,-172.4526,
2026-07-20 17:22:40,14999972,321368,21424552,-172.4527,
2026-07-20 17:22:41,14999998,321368,21424550,-172.4527,
2026-07-20 17:22:42,15000130,321370,21424496,-172.4530,
2026-07-20 17:22:43,14999984,321368,21424526,-172.4528,
2026-07-20 17:22:44,14999970,321367,21424512,-172.4529,
2026-07-20 17:22:45,14999902,321365,21424464,-172.4532,
2026-07-20 17:22:46,15000040,321368,21424462,-172.4532,
2026-07-20 17:22:47,15000048,321368,21424470,-172.4532,
2026-07-20 17:22:48,14999962,321366,21424444,-172.4533,
2026-07-20 17:22:49,15000782,321386,21424592,-172.4524,
2026-07-20 17:22:50,15000550,321380,21424542,-172.4527,
2026-07-20 17:22:51,15000468,321378,21424550,-172.4527,
2026-07-20 17:22:52,15000380,321376,21424514,-172.4529,
2026-07-20 17:22:53,15000368,321375,21424500,-172.4530,
2026-07-20 17:22:54,15000332,321374,21424468,-172.4532,
2026-07-20 17:22:55,15000334,321375,21424494,-172.4530,
2026-07-20 17:22:56,15000438,321377,21424484,-172.4531,
2026-07-20 17:22:57,15000532,321379,21424482,-172.4531,
2026-07-20 17:22:58,15000650,321381,21424466,-172.4532,
2026-07-20 17:22:59,15000788,321383,21424414,-172.4535,
2026-07-20 17:23:00,15000824,321384,21424428,-172.4534,
2026-07-20 17:23:01,15000748,321382,21424408,-172.4536,
2026-07-20 17:23:02,15000664,321381,21424422,-172.4535,
2026-07-20 17:23:03,15000546,321377,21424344,-172.4539,
2026-07-20 17:23:04,15000492,321375,21424320,-172.4541,
2026-07-20 17:23:05,15000454,321374,21424292,-172.4542,
2026-07-20 17:23:06,15000340,321372,21424294,-172.4542,
2026-07-20 17:23:07,15000266,321370,21424270,-172.4544,
2026-07-20 17:23:08,15000104,321366,21424250,-172.4545,
2026-07-20 17:23:09,14999940,321361,21424170,-172.4550,
2026-07-20 17:23:10,14999944,321362,21424194,-172.4548,
2026-07-20 17:23:11,14999968,321362,21424184,-172.4549,
2026-07-20 17:23:12,15000182,321367,21424198,-172.4548,
2026-07-20 17:23:13,15000072,321364,21424164,-172.4550,
2026-07-20 17:23:14,15000212,321367,21424150,-172.4551,
2026-07-20 17:23:15,15000346,321369,21424140,-172.4552,
2026-07-20 17:23:16,15000484,321372,21424106,-172.4554,
2026-07-20 17:23:17,15000466,321372,21424116,-172.4553,
2026-07-20 17:23:18,15000358,321369,21424096,-172.4554,
2026-07-20 17:23:19,15000288,321367,21424078,-172.4555,
2026-07-20 17:23:20,15000206,321366,21424074,-172.4556,
2026-07-20 17:23:21,15000248,321366,21424024,-172.4559,
2026-07-20 17:23:22,15000290,321366,21424014,-172.4559,
2026-07-20 17:23:23,15000078,321362,21424024,-172.4559,
2026-07-20 17:23:24,14999956,321360,21424058,-172.4557,
2026-07-20 17:23:25,14999994,321360,21424028,-172.4558,
2026-07-20 17:23:26,14999864,321357,21424022,-172.4559,
2026-07-20 17:23:27,14999684,321353,21423978,-172.4561,
2026-07-20 17:23:28,14999708,321353,21423956,-172.4563,
2026-07-20 17:23:29,14999762,321354,21423938,-172.4564,
2026-07-20 17:23:30,14999804,321356,21424014,-172.4559,
2026-07-20 17:23:31,14999908,321358,21423972,-172.4562,
2026-07-20 17:23:32,14999866,321357,21423964,-172.4562,
2026-07-20 17:23:33,14999732,321353,21423936,-172.4564,
2026-07-20 17:23:34,14999660,321351,21423886,-172.4567,
2026-07-20 17:23:35,14999652,321350,21423862,-172.4568,
2026-07-20 17:23:36,14999562,321348,21423794,-172.4572,
2026-07-20 17:23:37,14999346,321342,21423768,-172.4574,
2026-07-20 17:23:38,14999500,321344,21423682,-172.4579,
2026-07-20 17:23:39,14999438,321343,21423662,-172.4580,
2026-07-20 17:23:40,14999522,321345,21423688,-172.4579,
2026-07-20 17:23:41,14999550,321345,21423664,-172.4580,
2026-07-20 17:23:42,14999662,321348,21423672,-172.4580,
2026-07-20 17:23:43,14999654,321348,21423710,-172.4577,
2026-07-20 17:23:44,14999628,321348,21423716,-172.4577,
2026-07-20 17:23:45,14999656,321348,21423704,-172.4578,
2026-07-20 17:23:46,14999668,321348,21423708,-172.4578,
2026-07-20 17:23:47,14999610,321347,21423666,-172.4580,
2026-07-20 17:23:48,14999540,321345,21423652,-172.4581,
2026-07-20 17:23:49,14999620,321347,21423676,-172.4579,
2026-07-20 17:23:50,14999798,321351,21423722,-172.4577,
2026-07-20 17:23:51,14999718,321350,21423722,-172.4577,
2026-07-20 17:23:52,14999742,321351,21423750,-172.4575,
2026-07-20 17:23:53,14999854,321353,21423748,-172.4575,
2026-07-20 17:23:54,14999882,321354,21423736,-172.4576,
2026-07-20 17:23:55,15000022,321357,21423734,-172.4576,
2026-07-20 17:23:56,15000102,321358,21423704,-172.4578,
2026-07-20 17:23:57,15000150,321359,21423704,-172.4578,
2026-07-20 17:23:58,15000114,321358,21423702,-172.4578,
2026-07-20 17:23:59,15000170,321359,21423700,-172.4578,
2026-07-20 17:24:00,15000164,321359,21423704,-172.4578,
2026-07-20 17:24:01,15000348,321362,21423650,-172.4581,
2026-07-20 17:24:02,15000336,321362,21423664,-172.4580,
2026-07-20 17:24:03,15000316,321362,21423670,-172.4580,
2026-07-20 17:24:04,15000498,321366,21423672,-172.4580,
2026-07-20 17:24:05,15000504,321365,21423642,-172.4581,
2026-07-20 17:24:06,15000426,321363,21423578,-172.4585,
2026-07-20 17:24:07,15000468,321364,21423604,-172.4584,
2026-07-20 17:24:08,15000444,321364,21423612,-172.4583,
2026-07-20 17:24:09,15000604,321367,21423604,-172.4584,
2026-07-20 17:24:10,15000368,321362,21423576,-172.4585,
2026-07-20 17:24:11,15000324,321361,21423610,-172.4583,
2026-07-20 17:24:12,15000272,321360,21423590,-172.4585,
2026-07-20 17:24:13,15000400,321363,21423604,-172.4584,
2026-07-20 17:24:14,15000440,321363,21423598,-172.4584,
2026-07-20 17:24:15,15000274,321360,21423580,-172.4585,
2026-07-20 17:24:16,15000244,321359,21423564,-172.4586,
2026-07-20 17:24:17,15000174,321357,21423542,-172.4587,
2026-07-20 17:24:18,15000270,321359,21423538,-172.4588,
2026-07-20 17:24:19,15000390,321361,21423520,-172.4589,
2026-07-20 17:24:20,15000386,321361,21423510,-172.4589,
2026-07-20 17:24:21,15000346,321360,21423494,-172.4590,
2026-07-20 17:24:22,15000186,321357,21423512,-172.4589,
2026-07-20 17:24:23,14999254,321334,21423356,-172.4599,
2026-07-20 17:24:24,14999580,321342,21423410,-172.4595,
2026-07-20 17:24:25,14999630,321343,21423392,-172.4596,
2026-07-20 17:24:26,14999890,321349,21423426,-172.4594,
2026-07-20 17:24:27,15000124,321353,21423380,-172.4597,
2026-07-20 17:24:28,15000186,321356,21423444,-172.4593,
2026-07-20 17:24:29,15000354,321359,21423408,-172.4596,
2026-07-20 17:24:30,15000406,321360,21423440,-172.4594,
2026-07-20 17:24:31,15000472,321362,21423462,-172.4592,
2026-07-20 17:24:32,15000616,321365,21423456,-172.4593,
2026-07-20 17:24:33,15000610,321365,21423474,-172.4592,
2026-07-20 17:24:34,15000486,321362,21423448,-172.4593,
2026-07-20 17:24:35,15000570,321365,21423516,-172.4589,
2026-07-20 17:24:36,15000660,321366,21423466,-172.4592,
2026-07-20 17:24:37,15000682,321367,21423466,-172.4592,
2026-07-20 17:24:38,15000716,321367,21423460,-172.4592,
2026-07-20 17:24:39,14999848,321347,21423318,-172.4601,
2026-07-20 17:24:40,14999866,321347,21423300,-172.4602,
2026-07-20 17:24:41,14999984,321349,21423318,-172.4601,
2026-07-20 17:24:42,14999346,321334,21423234,-172.4606,
2026-07-20 17:24:43,14999742,321344,21423274,-172.4604,
2026-07-20 17:24:44,15000012,321350,21423284,-172.4603,
2026-07-20 17:24:45,15000196,321354,21423292,-172.4602,
2026-07-20 17:24:46,15000380,321357,21423288,-172.4603,
2026-07-20 17:24:47,15000594,321362,21423316,-172.4601,
2026-07-20 17:24:48,14999858,321344,21423154,-172.4611,
2026-07-20 17:24:49,15000118,321350,21423180,-172.4609,
2026-07-20 17:24:50,15000220,321353,21423210,-172.4607,
2026-07-20 17:24:51,15000464,321358,21423214,-172.4607,
2026-07-20 17:24:52,15000600,321362,21423254,-172.4605,
2026-07-20 17:24:53,15000738,321365,21423248,-172.4605,
2026-07-20 17:24:54,15000852,321367,21423234,-172.4606,
2026-07-20 17:24:55,14999894,321343,21423020,-172.4619,
2026-07-20 17:24:56,15000220,321351,21423060,-172.4616,
2026-07-20 17:24:57,14999578,321335,21422950,-172.4623,
2026-07-20 17:24:58,14999916,321344,21423024,-172.4619,
2026-07-20 17:24:59,14999928,321345,21423094,-172.4614,
2026-07-20 17:25:00,15000078,321348,21423074,-172.4616,
2026-07-20 17:25:01,15000188,321350,21423064,-172.4616,
2026-07-20 17:25:02,15000328,321352,21423022,-172.4619,
2026-07-20 17:25:03,15000350,321352,21422992,-172.4620,
2026-07-20 17:25:04,15000438,321355,21423016,-172.4619,
2026-07-20 17:25:05,14999630,321335,21422866,-172.4628,
2026-07-20 17:25:06,14999862,321340,21422864,-172.4628,
2026-07-20 17:25:07,14999338,321327,21422774,-172.4634,
2026-07-20 17:25:08,14999662,321336,21422866,-172.4628,
2026-07-20 17:25:09,14999140,321323,21422774,-172.4634,
2026-07-20 17:25:10,14999588,321333,21422800,-172.4632,
2026-07-20 17:25:11,14999012,321320,21422730,-172.4636,
2026-07-20 17:25:12,14999464,321329,21422728,-172.4636,
2026-07-20 17:25:13,14999972,321342,21422846,-172.4629,
2026-07-20 17:25:14,14999484,321331,21422778,-172.4633,
2026-07-20 17:25:15,14999838,321339,21422816,-172.4631,
2026-07-20 17:25:16,15000064,321344,21422848,-172.4629,
2026-07-20 17:25:17,15000386,321351,21422868,-172.4628,
2026-07-20 17:25:18,15000662,321358,21422902,-172.4626,
2026-07-20 17:25:19,15000888,321362,21422880,-172.4627,
2026-07-20 17:25:20,15001048,321366,21422876,-172.4627,
2026-07-20 17:25:21,15000226,321346,21422736,-172.4636,
2026-07-20 17:25:22,14999582,321330,21422608,-172.4644,
2026-07-20 17:25:23,14999940,321338,21422608,-172.4644,
2026-07-20 17:25:24,15000290,321346,21422650,-172.4641,
2026-07-20 17:25:25,15000628,321354,21422702,-172.4638,
2026-07-20 17:25:26,14999968,321338,21422582,-172.4645,
2026-07-20 17:25:27,15000266,321346,21422658,-172.4641,
2026-07-20 17:25:28,14999788,321334,21422596,-172.4644,
2026-07-20 17:25:29,14999254,321322,21422522,-172.4649,
2026-07-20 17:25:30,14999748,321334,21422644,-172.4641,
2026-07-20 17:25:31,14999318,321324,21422586,-172.4645,
2026-07-20 17:25:32,14999656,321332,21422594,-172.4644,
2026-07-20 17:25:33,15000134,321342,21422608,-172.4644,
2026-07-20 17:25:34,14999458,321325,21422452,-172.4653,
2026-07-20 17:25:35,14999818,321333,21422452,-172.4653,
2026-07-20 17:25:36,15000022,321334,21422208,-172.4668,
2026-07-20 17:25:37,14999392,321314,21421806,-172.4692,
2026-07-20 17:25:38,14999842,321322,21421682,-172.4699,
2026-07-20 17:25:39,14999156,321303,21421420,-172.4715,
2026-07-20 17:25:40,14999702,321315,21421440,-172.4714,
2026-07-20 17:25:41,14999152,321301,21421250,-172.4725,
2026-07-20 17:25:42,14999496,321307,21421194,-172.4728,
2026-07-20 17:25:43,14999752,321313,21421216,-172.4727,
2026-07-20 17:25:44,14999228,321300,21421078,-172.4735,
2026-07-20 17:25:45,14999682,321310,21421108,-172.4734,
2026-07-20 17:25:46,14999910,321315,21421104,-172.4734,
2026-07-20 17:25:47,15000204,321321,21421094,-172.4734,
2026-07-20 17:25:48,15000274,321322,21421072,-172.4736,
2026-07-20 17:25:49,14999610,321306,21420926,-172.4744,
2026-07-20 17:25:50,14999810,321311,21420972,-172.4742,
2026-07-20 17:25:51,14999290,321299,21420940,-172.4744,
2026-07-20 17:25:52,14999606,321307,21421010,-172.4739,
2026-07-20 17:25:53,14999790,321311,21421022,-172.4739,
2026-07-20 17:25:54,14999982,321315,21421010,-172.4739,
2026-07-20 17:25:55,15000108,321318,21421070,-172.4736,
2026-07-20 17:25:56,15000128,321319,21421092,-172.4734,
2026-07-20 17:25:57,14999454,321303,21420976,-172.4741,
2026-07-20 17:25:58,14999804,321311,21421010,-172.4739,
2026-07-20 17:25:59,14999920,321314,21421080,-172.4735,
2026-07-20 17:26:00,15000144,321319,21421052,-172.4737,
2026-07-20 17:26:01,15000138,321319,21421044,-172.4737,
2026-07-20 17:26:02,15000272,321321,21421026,-172.4738,
2026-07-20 17:26:03,15000362,321323,21421048,-172.4737,
2026-07-20 17:26:04,15000300,321322,21421040,-172.4738,
2026-07-20 17:26:05,15000412,321325,21421048,-172.4737,
2026-07-20 17:26:06,15000646,321330,21421060,-172.4736,
2026-07-20 17:26:07,15000772,321332,21421028,-172.4738,
2026-07-20 17:26:08,15000822,321333,21421010,-172.4739,
2026-07-20 17:26:09,15000766,321332,21421008,-172.4740,
2026-07-20 17:26:10,15000566,321328,21421054,-172.4737,
2026-07-20 17:26:11,15000572,321328,21421054,-172.4737,
2026-07-20 17:26:12,14999750,321308,21420922,-172.4745,
2026-07-20 17:26:13,15000074,321316,21420942,-172.4743,
2026-07-20 17:26:14,15000280,321321,21420990,-172.4741,
2026-07-20 17:26:15,15000330,321322,21421014,-172.4739,
2026-07-20 17:26:16,14999642,321307,21420964,-172.4742,
2026-07-20 17:26:17,15000012,321316,21421038,-172.4738,
2026-07-20 17:26:18,14999338,321299,21420906,-172.4746,
2026-07-20 17:26:19,14999690,321307,21420908,-172.4746,
2026-07-20 17:26:20,14999180,321295,21420818,-172.4751,
2026-07-20 17:26:21,14999610,321304,21420838,-172.4750,
2026-07-20 17:26:22,14999214,321295,21420792,-172.4752,
2026-07-20 17:26:23,14999448,321301,21420846,-172.4749,
2026-07-20 17:26:24,14999950,321312,21420858,-172.4749,
2026-07-20 17:26:25,15000326,321320,21420900,-172.4746,
2026-07-20 17:26:26,15000486,321324,21420904,-172.4746,
2026-07-20 17:26:27,15000404,321322,21420882,-172.4747,
2026-07-20 17:26:28,15000518,321325,21420950,-172.4743,
2026-07-20 17:26:29,15000882,321333,21420940,-172.4744,
2026-07-20 17:26:30,15000074,321314,21420802,-172.4752,
2026-07-20 17:26:31,14999628,321303,21420722,-172.4757,
2026-07-20 17:26:32,14999330,321296,21420658,-172.4761,
2026-07-20 17:26:33,14998994,321287,21420600,-172.4764,
2026-07-20 17:26:34,14998780,321282,21420572,-172.4766,
2026-07-20 17:26:35,14999300,321295,21420688,-172.4759,
2026-07-20 17:26:36,14999782,321306,21420710,-172.4757,
2026-07-20 17:26:37,15000062,321313,21420758,-172.4755,
2026-07-20 17:26:38,15000148,321315,21420788,-172.4753,
2026-07-20 17:26:39,14999356,321296,21420670,-172.4760,
2026-07-20 17:26:40,14999862,321308,21420714,-172.4757,
2026-07-20 17:26:41,15000224,321317,21420794,-172.4752,
2026-07-20 17:26:42,15000334,321319,21420810,-172.4751,
2026-07-20 17:26:43,14999850,321307,21420710,-172.4757,
2026-07-20 17:26:44,14999394,321297,21420646,-172.4761,
2026-07-20 17:26:45,14999806,321306,21420696,-172.4758,
2026-07-20 17:26:46,14999212,321294,21420708,-172.4758,
2026-07-20 17:26:47,14999634,321304,21420786,-172.4753,
2026-07-20 17:26:48,14999996,321312,21420818,-172.4751,
2026-07-20 17:26:49,15000258,321319,21420874,-172.4748,
2026-07-20 17:26:50,15000426,321322,21420878,-172.4747,
2026-07-20 17:26:51,15000526,321324,21420880,-172.4747,
2026-07-20 17:26:52,14999780,321306,21420708,-172.4758,
2026-07-20 17:26:53,15000104,321313,21420728,-172.4756,
2026-07-20 17:26:54,14999428,321296,21420558,-172.4767,
2026-07-20 17:26:55,14999784,321304,21420556,-172.4767,
2026-07-20 17:26:56,14999148,321289,21420482,-172.4771,
2026-07-20 17:26:57,14999492,321297,21420520,-172.4769,
2026-07-20 17:26:58,14999602,321300,21420544,-172.4767,
2026-07-20 17:26:59,15000064,321311,21420632,-172.4762,
2026-07-20 17:27:00,14999582,321300,21420578,-172.4765,
2026-07-20 17:27:01,14999156,321289,21420490,-172.4771,
2026-07-20 17:27:02,14998882,321282,21420400,-172.4776,
2026-07-20 17:27:03,14998620,321276,21420382,-172.4777,
2026-07-20 17:27:04,14998332,321268,21420270,-172.4784,
2026-07-20 17:27:05,14998974,321283,21420358,-172.4779,
2026-07-20 17:27:06,14998624,321275,21420292,-172.4782,
2026-07-20 17:27:07,14999240,321290,21420396,-172.4776,
2026-07-20 17:27:08,14998982,321284,21420366,-172.4778,
2026-07-20 17:27:09,14998696,321277,21420314,-172.4781,
2026-07-20 17:27:10,14998510,321273,21420296,-172.4782,
2026-07-20 17:27:11,14999274,321291,21420428,-172.4774,
2026-07-20 17:27:12,14999428,321296,21420524,-172.4769,
2026-07-20 17:27:13,14999748,321305,21420676,-172.4759,
2026-07-20 17:27:14,15000072,321314,21420798,-172.4752,
2026-07-20 17:27:15,14999430,321299,21420760,-172.4754,
2026-07-20 17:27:16,14999944,321314,21421010,-172.4739,
2026-07-20 17:27:17,15000426,321325,21421086,-172.4735,
2026-07-20 17:27:18,15000618,321333,21421300,-172.4722,
2026-07-20 17:27:19,15000658,321335,21421400,-172.4716,
2026-07-20 17:27:20,14999916,321319,21421354,-172.4719,
2026-07-20 17:27:21,15000114,321325,21421476,-172.4711,
2026-07-20 17:27:22,15000386,321331,21421494,-172.4710,
2026-07-20 17:27:23,14999822,321314,21421216,-172.4727,
2026-07-20 17:27:24,15000128,321320,21421142,-172.4731,
2026-07-20 17:27:25,15000394,321325,21421078,-172.4735,
2026-07-20 17:27:26,15000566,321328,21421026,-172.4738,
2026-07-20 17:27:27,15000070,321314,21420862,-172.4748,
2026-07-20 17:27:28,14999700,321305,21420760,-172.4754,
2026-07-20 17:27:29,14999430,321298,21420710,-172.4757,
2026-07-20 17:27:30,14999918,321309,21420714,-172.4757,
2026-07-20 17:27:31,15000340,321318,21420746,-172.4755,
2026-07-20 17:27:32,14999742,321304,21420630,-172.4762,
2026-07-20 17:27:33,15000144,321313,21420686,-172.4759,
2026-07-20 17:27:34,15000414,321320,21420750,-172.4755,
2026-07-20 17:27:35,14999826,321306,21420644,-172.4761,
2026-07-20 17:27:36,14999524,321298,21420544,-172.4767,
2026-07-20 17:27:37,14999318,321293,21420514,-172.4769,
2026-07-20 17:27:38,14998958,321284,21420422,-172.4775,
2026-07-20 17:27:39,14998798,321280,21420392,-172.4776,
2026-07-20 17:27:40,14998596,321275,21420352,-172.4779,
2026-07-20 17:27:41,14998406,321271,21420336,-172.4780,
2026-07-20 17:27:42,14998330,321270,21420368,-172.4778,
2026-07-20 17:27:43,14999028,321286,21420462,-172.4772,
2026-07-20 17:27:44,14999718,321302,21420530,-172.4768,
2026-07-20 17:27:45,15000170,321314,21420666,-172.4760,
2026-07-20 17:27:46,14999932,321308,21420598,-172.4764,
2026-07-20 17:27:47,15000490,321321,21420668,-172.4760,
2026-07-20 17:27:48,15000042,321313,21420782,-172.4753,
2026-07-20 17:27:49,14999594,321305,21420890,-172.4747,
2026-07-20 17:27:50,15000218,321321,21421094,-172.4734,
2026-07-20 17:27:51,15000508,321329,21421192,-172.4728,
2026-07-20 17:27:52,15000566,321331,21421272,-172.4724,
2026-07-20 17:27:53,15000816,321338,21421340,-172.4720,
2026-07-20 17:27:54,15000854,321340,21421422,-172.4715,
2026-07-20 17:27:55,15000054,321321,21421304,-172.4722,
2026-07-20 17:27:56,14999556,321308,21421178,-172.4729,
2026-07-20 17:27:57,14999304,321303,21421170,-172.4730,
2026-07-20 17:27:58,14998966,321295,21421138,-172.4732,
2026-07-20 17:27:59,14999532,321308,21421228,-172.4726,
2026-07-20 17:28:00,15000040,321320,21421298,-172.4722,
2026-07-20 17:28:01,14999424,321306,21421196,-172.4728,
2026-07-20 17:28:02,15000006,321320,21421314,-172.4721,
2026-07-20 17:28:03,15000304,321328,21421402,-172.4716,
2026-07-20 17:28:04,15000518,321333,21421434,-172.4714,
2026-07-20 17:28:05,15000752,321336,21421340,-172.4720,
2026-07-20 17:28:06,15000862,321337,21421232,-172.4726,
2026-07-20 17:28:07,15001132,321343,21421226,-172.4726,
2026-07-20 17:28:08,15000466,321326,21421052,-172.4737,
2026-07-20 17:28:09,15000928,321336,21421048,-172.4737,
2026-07-20 17:28:10,15001022,321337,21421024,-172.4739,
2026-07-20 17:28:11,15001232,321342,21421024,-172.4739,
2026-07-20 17:28:12,15001410,321346,21421040,-172.4738,
2026-07-20 17:28:13,15001634,321350,21421028,-172.4738,
2026-07-20 17:28:14,15000808,321330,21420870,-172.4748,
2026-07-20 17:28:15,15000232,321316,21420742,-172.4755,
2026-07-20 17:28:16,15000454,321321,21420722,-172.4757,
2026-07-20 17:28:17,15000574,321323,21420704,-172.4758,
2026-07-20 17:28:18,14999918,321307,21420588,-172.4765,
2026-07-20 17:28:19,14999240,321291,21420460,-172.4772,
2026-07-20 17:28:20,14999822,321305,21420580,-172.4765,
2026-07-20 17:28:21,15000230,321314,21420588,-172.4765,
2026-07-20 17:28:22,15000388,321318,21420648,-172.4761,
2026-07-20 17:28:23,15000570,321323,21420722,-172.4757,
2026-07-20 17:28:24,14999850,321305,21420576,-172.4765,
2026-07-20 17:28:25,15000288,321315,21420574,-172.4766,
2026-07-20 17:28:26,15000432,321318,21420590,-172.4765,
2026-07-20 17:28:27,14999876,321304,21420460,-172.4772,
2026-07-20 17:28:28,15000244,321313,21420530,-172.4768,
2026-07-20 17:28:29,15000368,321316,21420558,-172.4767,
2026-07-20 17:28:30,14999682,321300,21420438,-172.4774,
2026-07-20 17:28:31,14999360,321292,21420380,-172.4777,
2026-07-20 17:28:32,14998990,321283,21420330,-172.4780,
2026-07-20 17:28:33,14999588,321298,21420448,-172.4773,
2026-07-20 17:28:34,14999952,321306,21420478,-172.4771,
2026-07-20 17:28:35,15000420,321317,21420542,-172.4767,
2026-07-20 17:28:36,15000548,321320,21420566,-172.4766,
2026-07-20 17:28:37,15000738,321324,21420534,-172.4768,
2026-07-20 17:28:38,15000068,321308,21420440,-172.4774,
2026-07-20 17:28:39,14999492,321294,21420298,-172.4782,
2026-07-20 17:28:40,14999814,321301,21420360,-172.4778,
2026-07-20 17:28:41,14999954,321304,21420342,-172.4779,
2026-07-20 17:28:42,15000134,321308,21420352,-172.4779,
2026-07-20 17:28:43,15000212,321310,21420352,-172.4779,
2026-07-20 17:28:44,15000458,321315,21420322,-172.4781,
2026-07-20 17:28:45,15000734,321321,21420336,-172.4780,
2026-07-20 17:28:46,15000132,321307,21420270,-172.4784,
2026-07-20 17:28:47,14999660,321296,21420228,-172.4786,
2026-07-20 17:28:48,14999344,321289,21420202,-172.4788,
2026-07-20 17:28:49,14999070,321283,21420166,-172.4790,
2026-07-20 17:28:50,14998688,321274,21420142,-172.4791,
2026-07-20 17:28:51,14999492,321292,21420220,-172.4787,
2026-07-20 17:28:52,14999862,321301,21420284,-172.4783,
2026-07-20 17:28:53,15000092,321307,21420348,-172.4779,
2026-07-20 17:28:54,14999818,321301,21420318,-172.4781,
2026-07-20 17:28:55,14999202,321286,21420192,-172.4788,
2026-07-20 17:28:56,14999738,321298,21420270,-172.4784,
2026-07-20 17:28:57,15000036,321305,21420314,-172.4781,
2026-07-20 17:28:58,14999468,321292,21420192,-172.4788,
2026-07-20 17:28:59,14999052,321281,21420062,-172.4796,
2026-07-20 17:29:00,14999708,321296,21420182,-172.4789,
2026-07-20 17:29:01,15000062,321305,21420252,-172.4785,
2026-07-20 17:29:02,14999646,321296,21420210,-172.4787,
2026-07-20 17:29:03,15000136,321308,21420338,-172.4780,
2026-07-20 17:29:04,15000362,321313,21420336,-172.4780,
2026-07-20 17:29:05,15000448,321315,21420344,-172.4779,
2026-07-20 17:29:06,15000570,321318,21420368,-172.4778,
2026-07-20 17:29:07,14999842,321300,21420234,-172.4786,
2026-07-20 17:29:08,14999350,321288,21420152,-172.4791,
2026-07-20 17:29:09,14999828,321300,21420228,-172.4786,
2026-07-20 17:29:10,15000096,321306,21420234,-172.4786,
2026-07-20 17:29:11,14999504,321292,21420146,-172.4791,
2026-07-20 17:29:12,14999778,321297,21420142,-172.4791,
2026-07-20 17:29:13,14999238,321284,21420046,-172.4797,
2026-07-20 17:29:14,14999718,321295,21420076,-172.4795,
2026-07-20 17:29:15,14999200,321283,21420024,-172.4799,
2026-07-20 17:29:16,14998972,321277,21419940,-172.4804,
2026-07-20 17:29:17,14999480,321289,21420020,-172.4799,
2026-07-20 17:29:18,15000134,321305,21420112,-172.4793,
2026-07-20 17:29:19,14999540,321290,21420002,-172.4800,
2026-07-20 17:29:20,14999032,321278,21419924,-172.4805,
2026-07-20 17:29:21,14998816,321272,21419854,-172.4809,
2026-07-20 17:29:22,14998806,321271,21419798,-172.4812,
2026-07-20 17:29:23,14998638,321268,21419802,-172.4812,
2026-07-20 17:29:24,14999416,321286,21419910,-172.4805,
2026-07-20 17:29:25,15000142,321303,21420010,-172.4799,
2026-07-20 17:29:26,15000004,321300,21419990,-172.4801,
2026-07-20 17:29:27,14999556,321289,21419932,-172.4804,
2026-07-20 17:29:28,14999294,321283,21419908,-172.4806,
2026-07-20 17:29:29,14999842,321297,21420004,-172.4800,
2026-07-20 17:29:30,15000190,321305,21420050,-172.4797,
2026-07-20 17:29:31,15000570,321314,21420090,-172.4795,
2026-07-20 17:29:32,15000736,321319,21420184,-172.4789,
2026-07-20 17:29:33,15000264,321307,21420098,-172.4794,
2026-07-20 17:29:34,14999862,321297,21420010,-172.4799,
2026-07-20 17:29:35,15000306,321308,21420098,-172.4794,
2026-07-20 17:29:36,14999782,321295,21419990,-172.4801,
2026-07-20 17:29:37,14999438,321287,21419926,-172.4804,
2026-07-20 17:29:38,15000138,321303,21419978,-172.4801,
2026-07-20 17:29:39,14999796,321295,21419950,-172.4803,
2026-07-20 17:29:40,14999482,321287,21419870,-172.4808,
2026-07-20 17:29:41,14999128,321278,21419804,-172.4812,
2026-07-20 17:29:42,14998860,321271,21419704,-172.4818,
2026-07-20 17:29:43,14999462,321285,21419772,-172.4814,
2026-07-20 17:29:44,14999840,321294,21419806,-172.4812,
2026-07-20 17:29:45,14999526,321286,21419710,-172.4817,
2026-07-20 17:29:46,14998964,321272,21419594,-172.4824,
2026-07-20 17:29:47,14998692,321264,21419474,-172.4832,
2026-07-20 17:29:48,14998508,321259,21419426,-172.4834,
2026-07-20 17:29:49,14999066,321272,21419488,-172.4831,
2026-07-20 17:29:50,14999552,321284,21419594,-172.4824,
2026-07-20 17:29:51,15000084,321298,21419720,-172.4817,
2026-07-20 17:29:52,14999540,321285,21419674,-172.4820,
2026-07-20 17:29:53,14999862,321293,21419718,-172.4817,
2026-07-20 17:29:54,15000270,321303,21419788,-172.4813,
2026-07-20 17:29:55,14999606,321287,21419672,-172.4820,
2026-07-20 17:29:56,14999928,321294,21419732,-172.4816,
2026-07-20 17:29:57,14999490,321284,21419652,-172.4821,
2026-07-20 17:29:58,14999710,321289,21419682,-172.4819,
2026-07-20 17:29:59,14999876,321294,21419774,-172.4814,
2026-07-20 17:30:00,14999460,321284,21419690,-172.4819,
2026-07-20 17:30:01,14999194,321277,21419608,-172.4824,
2026-07-20 17:30:02,14999630,321288,21419706,-172.4818,
2026-07-20 17:30:03,15000346,321304,21419792,-172.4812,
2026-07-20 17:30:04,15000848,321316,21419828,-172.4810,
2026-07-20 17:30:05,15001242,321325,21419892,-172.4806,
2026-07-20 17:30:06,15001464,321330,21419902,-172.4806,
2026-07-20 17:30:07,15000688,321311,21419780,-172.4813,
2026-07-20 17:30:08,15000104,321297,21419670,-172.4820,
2026-07-20 17:30:09,15000386,321304,21419720,-172.4817,
2026-07-20 17:30:10,15000830,321314,21419770,-172.4814,
2026-07-20 17:30:11,15000958,321317,21419754,-172.4815,
2026-07-20 17:30:12,15000094,321296,21419598,-172.4824,
2026-07-20 17:30:13,15000444,321304,21419622,-172.4823,
2026-07-20 17:30:14,14999672,321285,21419490,-172.4831,
2026-07-20 17:30:15,14999912,321289,21419418,-172.4835,
2026-07-20 17:30:16,14999338,321275,21419264,-172.4844,
2026-07-20 17:30:17,14999848,321287,21419340,-172.4840,
2026-07-20 17:30:18,15000176,321294,21419378,-172.4837,
2026-07-20 17:30:19,14999572,321280,21419292,-172.4842,
2026-07-20 17:30:20,15000044,321291,21419364,-172.4838,
2026-07-20 17:30:21,15000396,321300,21419430,-172.4834,
2026-07-20 17:30:22,14999822,321286,21419338,-172.4840,
2026-07-20 17:30:23,15000268,321298,21419466,-172.4832,
2026-07-20 17:30:24,15000648,321306,21419506,-172.4830,
2026-07-20 17:30:25,15000944,321313,21419522,-172.4829,
2026-07-20 17:30:26,15001184,321318,21419536,-172.4828,
2026-07-20 17:30:27,15001372,321323,21419566,-172.4826,
2026-07-20 17:30:28,15001402,321324,21419576,-172.4825,
2026-07-20 17:30:29,15001396,321324,21419586,-172.4825,
2026-07-20 17:30:30,15001494,321325,21419504,-172.4830,
2026-07-20 17:30:31,15000786,321307,21419366,-172.4838,
2026-07-20 17:30:32,15000328,321296,21419286,-172.4843,
2026-07-20 17:30:33,15000088,321291,21419278,-172.4843,
2026-07-20 17:30:34,15000588,321303,21419336,-172.4840,
2026-07-20 17:30:35,15000246,321293,21419210,-172.4847,
2026-07-20 17:30:36,14999794,321282,21419086,-172.4855,
2026-07-20 17:30:37,15000208,321291,21419120,-172.4853,
2026-07-20 17:30:38,14999514,321275,21419008,-172.4860,
2026-07-20 17:30:39,14999850,321283,21419096,-172.4854,
2026-07-20 17:30:40,15000354,321295,21419170,-172.4850,
2026-07-20 17:30:41,15000434,321297,21419156,-172.4851,
2026-07-20 17:30:42,15000726,321303,21419158,-172.4851,
2026-07-20 17:30:43,15000284,321292,21419080,-172.4855,
2026-07-20 17:30:44,14999840,321281,21418952,-172.4863,
2026-07-20 17:30:45,14999508,321272,21418868,-172.4868,
2026-07-20 17:30:46,15000098,321286,21418950,-172.4863,
2026-07-20 17:30:47,14999636,321275,21418868,-172.4868,
2026-07-20 17:30:48,14999456,321271,21418824,-172.4871,
2026-07-20 17:30:49,14999118,321263,21418766,-172.4874,
2026-07-20 17:30:50,14998696,321252,21418694,-172.4878,
2026-07-20 17:30:51,14999358,321268,21418816,-172.4871,
2026-07-20 17:30:52,14999788,321279,21418892,-172.4866,
2026-07-20 17:30:53,14999402,321269,21418786,-172.4873,
2026-07-20 17:30:54,14999936,321281,21418858,-172.4869,
2026-07-20 17:30:55,15000250,321290,21418944,-172.4863,
2026-07-20 17:30:56,15000598,321298,21419018,-172.4859,
2026-07-20 17:30:57,15000652,321298,21418948,-172.4863,
2026-07-20 17:30:58,14999930,321281,21418810,-172.4871,
2026-07-20 17:30:59,15000172,321286,21418816,-172.4871,
2026-07-20 17:31:00,15000492,321293,21418838,-172.4870,
2026-07-20 17:31:01,14999960,321280,21418722,-172.4877,
2026-07-20 17:31:02,14999682,321273,21418672,-172.4880,
2026-07-20 17:31:03,14999406,321266,21418610,-172.4883,
2026-07-20 17:31:04,14999892,321278,21418714,-172.4877,
2026-07-20 17:31:05,15000348,321290,21418808,-172.4872,
2026-07-20 17:31:06,15000624,321296,21418872,-172.4868,
2026-07-20 17:31:07,14999992,321282,21418784,-172.4873,
2026-07-20 17:31:08,14999668,321274,21418764,-172.4874,
2026-07-20 17:31:09,14999472,321269,21418710,-172.4877,
2026-07-20 17:31:10,15000220,321287,21418800,-172.4872,
2026-07-20 17:31:11,14999802,321277,21418718,-172.4877,
2026-07-20 17:31:12,15000308,321288,21418742,-172.4875,
2026-07-20 17:31:13,14999998,321280,21418658,-172.4881,
2026-07-20 17:31:14,14999784,321274,21418606,-172.4884,
2026-07-20 17:31:15,14999578,321269,21418536,-172.4888,
2026-07-20 17:31:16,15000186,321283,21418628,-172.4882,
2026-07-20 17:31:17,15000514,321291,21418664,-172.4880,
2026-07-20 17:31:18,15000832,321298,21418664,-172.4880,
2026-07-20 17:31:19,15000886,321299,21418682,-172.4879,
2026-07-20 17:31:20,15000170,321282,21418586,-172.4885,
2026-07-20 17:31:21,14999708,321271,21418498,-172.4890,
2026-07-20 17:31:22,14999698,321272,21418542,-172.4887,
2026-07-20 17:31:23,14999428,321265,21418470,-172.4892,
2026-07-20 17:31:24,14999264,321260,21418412,-172.4895,
2026-07-20 17:31:25,14999132,321258,21418410,-172.4895,
2026-07-20 17:31:26,14998900,321252,21418358,-172.4899,
2026-07-20 17:31:27,14998868,321250,21418306,-172.4902,
2026-07-20 17:31:28,14998714,321247,21418274,-172.4904,
2026-07-20 17:31:29,14998598,321244,21418252,-172.4905,
2026-07-20 17:31:30,14998464,321240,21418210,-172.4907,
2026-07-20 17:31:31,14999174,321257,21418320,-172.4901,
2026-07-20 17:31:32,14998924,321251,21418260,-172.4904,
2026-07-20 17:31:33,14998840,321249,21418240,-172.4906,
2026-07-20 17:31:34,14998580,321243,21418214,-172.4907,
2026-07-20 17:31:35,14998470,321239,21418136,-172.4912,
2026-07-20 17:31:36,14998396,321238,21418126,-172.4912,
2026-07-20 17:31:37,14998302,321235,21418090,-172.4915,
2026-07-20 17:31:38,14999044,321253,21418234,-172.4906,
2026-07-20 17:31:39,14998920,321251,21418244,-172.4905,
2026-07-20 17:31:40,14999592,321266,21418304,-172.4902,
2026-07-20 17:31:41,15000290,321283,21418432,-172.4894,
2026-07-20 17:31:42,15000134,321278,21418362,-172.4898,
2026-07-20 17:31:43,14999886,321272,21418306,-172.4902,
2026-07-20 17:31:44,15000408,321284,21418378,-172.4897,
2026-07-20 17:31:45,14999914,321272,21418284,-172.4903,
2026-07-20 17:31:46,14999518,321263,21418252,-172.4905,
2026-07-20 17:31:47,14999162,321255,21418166,-172.4910,
2026-07-20 17:31:48,14999708,321268,21418292,-172.4902,
2026-07-20 17:31:49,14999512,321263,21418222,-172.4907,
2026-07-20 17:31:50,14999232,321256,21418170,-172.4910,
2026-07-20 17:31:51,14999024,321251,21418120,-172.4913,
2026-07-20 17:31:52,14998728,321244,21418052,-172.4917,
2026-07-20 17:31:53,14998590,321240,21418012,-172.4919,
2026-07-20 17:31:54,14998540,321239,21418042,-172.4917,
2026-07-20 17:31:55,14998570,321240,21418050,-172.4917,
2026-07-20 17:31:56,14998602,321240,21418022,-172.4919,
2026-07-20 17:31:57,14999474,321260,21418058,-172.4917,
2026-07-20 17:31:58,14999392,321258,21418040,-172.4918,
2026-07-20 17:31:59,14999964,321271,21418128,-172.4912,
2026-07-20 17:32:00,14999674,321263,21418030,-172.4918,
2026-07-20 17:32:01,14999522,321260,21417994,-172.4920,
2026-07-20 17:32:02,14999418,321258,21418014,-172.4919,
2026-07-20 17:32:03,14999210,321253,21417966,-172.4922,
2026-07-20 17:32:04,14999174,321250,21417878,-172.4927,
2026-07-20 17:32:05,14999968,321269,21417986,-172.4921,
2026-07-20 17:32:06,14999564,321260,21417976,-172.4921,
2026-07-20 17:32:07,14999244,321253,21417946,-172.4923,
2026-07-20 17:32:08,14999174,321251,21417912,-172.4925,
2026-07-20 17:32:09,14999138,321253,21418128,-172.4912,
2026-07-20 17:32:10,14999074,321255,21418306,-172.4902,
2026-07-20 17:32:11,14999008,321256,21418462,-172.4892,
2026-07-20 17:32:12,14999944,321279,21418676,-172.4879,
2026-07-20 17:32:13,14999438,321268,21418664,-172.4880,
2026-07-20 17:32:14,14999148,321261,21418610,-172.4883,
2026-07-20 17:32:15,14998850,321255,21418630,-172.4882,
2026-07-20 17:32:16,14998728,321252,21418626,-172.4882,
2026-07-20 17:32:17,14999548,321272,21418748,-172.4875,
2026-07-20 17:32:18,14999204,321264,21418704,-172.4878,
2026-07-20 17:32:19,14998854,321255,21418622,-172.4883,
2026-07-20 17:32:20,14999540,321270,21418682,-172.4879,
2026-07-20 17:32:21,14999964,321280,21418728,-172.4876,
2026-07-20 17:32:22,14999414,321266,21418584,-172.4885,
2026-07-20 17:32:23,14999822,321276,21418642,-172.4881,
2026-07-20 17:32:24,15000212,321285,21418704,-172.4878,
2026-07-20 17:32:25,15000466,321291,21418714,-172.4877,
2026-07-20 17:32:26,14999912,321277,21418582,-172.4885,
2026-07-20 17:32:27,14999422,321265,21418508,-172.4890,
2026-07-20 17:32:28,14999894,321276,21418570,-172.4886,
2026-07-20 17:32:29,14999360,321264,21418516,-172.4889,
2026-07-20 17:32:30,14999884,321277,21418642,-172.4881,
2026-07-20 17:32:31,14999512,321267,21418514,-172.4889,
2026-07-20 17:32:32,14999140,321258,21418440,-172.4894,
2026-07-20 17:32:33,14998824,321251,21418380,-172.4897,
2026-07-20 17:32:34,14999360,321262,21418406,-172.4896,
2026-07-20 17:32:35,14999902,321275,21418454,-172.4893,
2026-07-20 17:32:36,14999518,321265,21418356,-172.4899,
2026-07-20 17:32:37,15000002,321277,21418444,-172.4893,
2026-07-20 17:32:38,15000308,321284,21418470,-172.4892,
2026-07-20 17:32:39,15000492,321289,21418576,-172.4885,
2026-07-20 17:32:40,15000668,321293,21418602,-172.4884,
2026-07-20 17:32:41,15000958,321300,21418624,-172.4883,
2026-07-20 17:32:42,15000410,321287,21418538,-172.4888,
2026-07-20 17:32:43,14999944,321276,21418500,-172.4890,
2026-07-20 17:32:44,15000184,321283,21418582,-172.4885,
2026-07-20 17:32:45,15000406,321288,21418610,-172.4883,
2026-07-20 17:32:46,15000800,321298,21418698,-172.4878,
2026-07-20 17:32:47,15000982,321302,21418704,-172.4878,
2026-07-20 17:32:48,15000316,321285,21418578,-172.4885,
2026-07-20 17:32:49,15000498,321290,21418616,-172.4883,
2026-07-20 17:32:50,15000578,321292,21418626,-172.4882,
2026-07-20 17:32:51,14999828,321274,21418516,-172.4889,
2026-07-20 17:32:52,14999320,321261,21418392,-172.4896,
2026-07-20 17:32:53,14999846,321274,21418464,-172.4892,
2026-07-20 17:32:54,15000342,321285,21418502,-172.4890,
2026-07-20 17:32:55,15000740,321294,21418540,-172.4888,
2026-07-20 17:32:56,15000976,321299,21418510,-172.4889,
2026-07-20 17:32:57,15000172,321280,21418434,-172.4894,
2026-07-20 17:32:58,15000390,321285,21418458,-172.4893,
2026-07-20 17:32:59,14999882,321273,21418370,-172.4898,
2026-07-20 17:33:00,14999566,321265,21418292,-172.4902,
2026-07-20 17:33:01,15000086,321278,21418378,-172.4897,
2026-07-20 17:33:02,14999636,321266,21418286,-172.4903,
2026-07-20 17:33:03,15000306,321283,21418414,-172.4895,
2026-07-20 17:33:04,14999622,321268,21418384,-172.4897,
2026-07-20 17:33:05,15000006,321277,21418460,-172.4892,
2026-07-20 17:33:06,15000322,321284,21418450,-172.4893,
2026-07-20 17:33:07,14999730,321270,21418398,-172.4896,
2026-07-20 17:33:08,14999320,321261,21418360,-172.4898,
2026-07-20 17:33:09,14999920,321275,21418432,-172.4894,
2026-07-20 17:33:10,14999502,321265,21418370,-172.4898,
2026-07-20 17:33:11,14999328,321261,21418362,-172.4898,
2026-07-20 17:33:12,14999964,321277,21418502,-172.4890,
2026-07-20 17:33:13,15000300,321285,21418576,-172.4885,
2026-07-20 17:33:14,15000672,321295,21418698,-172.4878,
2026-07-20 17:33:15,15000672,321296,21418788,-172.4873,
2026-07-20 17:33:16,14999834,321277,21418720,-172.4877,
2026-07-20 17:33:17,14999334,321266,21418654,-172.4881,
2026-07-20 17:33:18,14999818,321278,21418762,-172.4874,
2026-07-20 17:33:19,15000226,321288,21418870,-172.4868,
2026-07-20 17:33:20,15000496,321295,21418972,-172.4862,
2026-07-20 17:33:21,14999682,321277,21418904,-172.4866,
2026-07-20 17:33:22,15000004,321285,21419018,-172.4859,
2026-07-20 17:33:23,15000266,321292,21419106,-172.4854,
2026-07-20 17:33:24,15000394,321295,21419126,-172.4852,
2026-07-20 17:33:25,15000510,321299,21419234,-172.4846,
2026-07-20 17:33:26,14999786,321283,21419198,-172.4848,
2026-07-20 17:33:27,15000092,321292,21419314,-172.4841,
2026-07-20 17:33:28,14999594,321281,21419302,-172.4842,
2026-07-20 17:33:29,15000068,321293,21419420,-172.4835,
2026-07-20 17:33:30,15000246,321298,21419500,-172.4830,
2026-07-20 17:33:31,15000540,321306,21419614,-172.4823,
2026-07-20 17:33:32,14999966,321293,21419566,-172.4826,
2026-07-20 17:33:33,15000272,321301,21419664,-172.4820,
2026-07-20 17:33:34,15000466,321307,21419780,-172.4813,
2026-07-20 17:33:35,15000768,321316,21419942,-172.4803,
2026-07-20 17:33:36,14999990,321298,21419884,-172.4807,
2026-07-20 17:33:37,14999620,321290,21419894,-172.4806,
2026-07-20 17:33:38,14999910,321298,21419968,-172.4802,
2026-07-20 17:33:39,15000224,321307,21420118,-172.4793,
2026-07-20 17:33:40,15000596,321317,21420290,-172.4783,
2026-07-20 17:33:41,15000074,321306,21420298,-172.4782,
2026-07-20 17:33:42,14999638,321297,21420300,-172.4782,
2026-07-20 17:33:43,14999308,321290,21420310,-172.4781,
2026-07-20 17:33:44,14998886,321281,21420304,-172.4782,
2026-07-20 17:33:45,14998634,321276,21420346,-172.4779,
2026-07-20 17:33:46,14999320,321294,21420552,-172.4767,
2026-07-20 17:33:47,14999854,321308,21420750,-172.4755,
2026-07-20 17:33:48,14999284,321296,21420724,-172.4757,
2026-07-20 17:33:49,14998940,321288,21420708,-172.4758,
2026-07-20 17:33:50,14998684,321283,21420754,-172.4755,
2026-07-20 17:33:51,14999582,321306,21421014,-172.4739,
2026-07-20 17:33:52,14999966,321317,21421194,-172.4728,
2026-07-20 17:33:53,15000134,321323,21421314,-172.4721,
2026-07-20 17:33:54,15000128,321324,21421442,-172.4713,
2026-07-20 17:33:55,14999368,321309,21421498,-172.4710,
2026-07-20 17:33:56,14999844,321321,21421616,-172.4703,
2026-07-20 17:33:57,14999324,321310,21421636,-172.4702,
2026-07-20 17:33:58,14999802,321323,21421840,-172.4690,
2026-07-20 17:33:59,15000252,321335,21421992,-172.4680,
2026-07-20 17:34:00,15000590,321344,21422106,-172.4674,
2026-07-20 17:34:01,15000778,321351,21422282,-172.4663,
2026-07-20 17:34:02,15000100,321336,21422260,-172.4664,
2026-07-20 17:34:03,14999562,321324,21422246,-172.4665,
2026-07-20 17:34:04,15000248,321341,21422378,-172.4657,
2026-07-20 17:34:05,15000486,321348,21422510,-172.4649,
2026-07-20 17:34:06,15000568,321353,21422712,-172.4637,
2026-07-20 17:34:07,15000744,321358,21422814,-172.4631,
2026-07-20 17:34:08,15000912,321364,21422946,-172.4623,
2026-07-20 17:34:09,15001028,321368,21423040,-172.4618,
2026-07-20 17:34:10,15001210,321374,21423176,-172.4609,
2026-07-20 17:34:11,15001384,321379,21423316,-172.4601,
2026-07-20 17:34:12,15000786,321366,21423260,-172.4604,
2026-07-20 17:34:13,15000152,321353,21423316,-172.4601,
2026-07-20 17:34:14,15000394,321360,21423458,-172.4593,
2026-07-20 17:34:15,15000696,321369,21423602,-172.4584,
2026-07-20 17:34:16,15000840,321374,21423730,-172.4576,
2026-07-20 17:34:17,15001030,321380,21423858,-172.4569,
2026-07-20 17:34:18,15001118,321384,21423972,-172.4562,
2026-07-20 17:34:19,15001108,321386,21424122,-172.4553,
2026-07-20 17:34:20,15000432,321371,21424130,-172.4552,
2026-07-20 17:34:21,15000660,321378,21424238,-172.4546,
2026-07-20 17:34:22,15000662,321379,21424332,-172.4540,
2026-07-20 17:34:23,14999946,321364,21424340,-172.4540,
2026-07-20 17:34:24,14999466,321354,21424364,-172.4538,
2026-07-20 17:34:25,14999890,321365,21424510,-172.4529,
2026-07-20 17:34:26,15000216,321374,21424648,-172.4521,
2026-07-20 17:34:27,15000554,321383,21424748,-172.4515,
2026-07-20 17:34:28,15000676,321387,21424858,-172.4509,
2026-07-20 17:34:29,15000730,321390,21424934,-172.4504,
2026-07-20 17:34:30,15000726,321391,21425050,-172.4497,
2026-07-20 17:34:31,15000936,321398,21425168,-172.4490,
2026-07-20 17:34:32,15001038,321401,21425268,-172.4484,
2026-07-20 17:34:33,15000228,321383,21425210,-172.4487,
2026-07-20 17:34:34,14999622,321369,21425168,-172.4490,
2026-07-20 17:34:35,14999194,321361,21425208,-172.4488,
2026-07-20 17:34:36,14999610,321372,21425338,-172.4480,
2026-07-20 17:34:37,14999998,321382,21425482,-172.4471,
2026-07-20 17:34:38,14999392,321369,21425482,-172.4471,
2026-07-20 17:34:39,14999944,321384,21425668,-172.4460,
2026-07-20 17:34:40,15000350,321395,21425800,-172.4452,
2026-07-20 17:34:41,14999694,321380,21425776,-172.4453,
2026-07-20 17:34:42,15000164,321392,21425892,-172.4446,
2026-07-20 17:34:43,14999526,321379,21425914,-172.4445,
2026-07-20 17:34:44,14999086,321369,21425910,-172.4445,
2026-07-20 17:34:45,14998644,321360,21425914,-172.4445,
2026-07-20 17:34:46,14999206,321374,21426074,-172.4436,
2026-07-20 17:34:47,14999880,321391,21426258,-172.4425,
2026-07-20 17:34:48,15000256,321401,21426350,-172.4419,
2026-07-20 17:34:49,15000388,321405,21426452,-172.4413,
2026-07-20 17:34:50,14999890,321394,21426426,-172.4414,
2026-07-20 17:34:51,14999508,321387,21426486,-172.4411,
2026-07-20 17:34:52,14999108,321379,21426534,-172.4408,
2026-07-20 17:34:53,14998884,321375,21426564,-172.4406,
2026-07-20 17:34:54,14999536,321391,21426748,-172.4395,
2026-07-20 17:34:55,14999858,321400,21426878,-172.4387,
2026-07-20 17:34:56,15000294,321412,21427014,-172.4379,
2026-07-20 17:34:57,15000648,321421,21427106,-172.4374,
2026-07-20 17:34:58,15000972,321429,21427216,-172.4367,
2026-07-20 17:34:59,15000264,321413,21427182,-172.4369,
2026-07-20 17:35:00,14999730,321402,21427154,-172.4371,
2026-07-20 17:35:01,14999322,321393,21427166,-172.4370,
2026-07-20 17:35:02,14998924,321385,21427200,-172.4368,
2026-07-20 17:35:03,14999380,321397,21427362,-172.4358,
2026-07-20 17:35:04,14999620,321404,21427490,-172.4351,
2026-07-20 17:35:05,14999966,321414,21427616,-172.4343,
2026-07-20 17:35:06,14999994,321415,21427704,-172.4338,
2026-07-20 17:35:07,15000164,321420,21427788,-172.4333,
2026-07-20 17:35:08,14999526,321406,21427758,-172.4335,
2026-07-20 17:35:09,14999942,321417,21427910,-172.4325,
2026-07-20 17:35:10,15000246,321426,21428026,-172.4318,
2026-07-20 17:35:11,15000502,321432,21428104,-172.4314,
2026-07-20 17:35:12,15000508,321433,21428150,-172.4311,
2026-07-20 17:35:13,14999794,321416,21428044,-172.4317,
2026-07-20 17:35:14,15000098,321424,21428150,-172.4311,
2026-07-20 17:35:15,15000456,321434,21428264,-172.4304,
2026-07-20 17:35:16,15000648,321439,21428338,-172.4300,
2026-07-20 17:35:17,15000188,321429,21428340,-172.4300,
2026-07-20 17:35:18,14999750,321419,21428314,-172.4301,
2026-07-20 17:35:19,14999300,321409,21428290,-172.4303,
2026-07-20 17:35:20,14998964,321401,21428220,-172.4307,
2026-07-20 17:35:21,14999466,321414,21428348,-172.4299,
2026-07-20 17:35:22,14999954,321426,21428482,-172.4291,
2026-07-20 17:35:23,15000264,321434,21428562,-172.4286,
2026-07-20 17:35:24,15000544,321441,21428628,-172.4282,
2026-07-20 17:35:25,14999708,321422,21428550,-172.4287,
2026-07-20 17:35:26,14999810,321425,21428624,-172.4283,
2026-07-20 17:35:27,14999362,321415,21428566,-172.4286,
2026-07-20 17:35:28,14999458,321418,21428618,-172.4283,
2026-07-20 17:35:29,14999826,321427,21428710,-172.4277,
2026-07-20 17:35:30,15000000,321432,21428774,-172.4274,
2026-07-20 17:35:31,15000262,321438,21428834,-172.4270,
2026-07-20 17:35:32,15000410,321442,21428848,-172.4269,
2026-07-20 17:35:33,15000598,321445,21428832,-172.4270,
2026-07-20 17:35:34,14999768,321426,21428718,-172.4277,
2026-07-20 17:35:35,15000078,321433,21428778,-172.4273,
2026-07-20 17:35:36,14999406,321417,21428676,-172.4279,
2026-07-20 17:35:37,14999918,321430,21428766,-172.4274,
2026-07-20 17:35:38,14999464,321419,21428694,-172.4278,
2026-07-20 17:35:39,15000092,321434,21428832,-172.4270,
2026-07-20 17:35:40,15000330,321440,21428888,-172.4267,
2026-07-20 17:35:41,15000706,321449,21428940,-172.4264,
2026-07-20 17:35:42,15000716,321451,21429026,-172.4258,
2026-07-20 17:35:43,15000146,321437,21428930,-172.4264,
2026-07-20 17:35:44,15000248,321440,21428956,-172.4263,
2026-07-20 17:35:45,15000392,321443,21429002,-172.4260,
2026-07-20 17:35:46,14999734,321427,21428864,-172.4268,
2026-07-20 17:35:47,14999270,321416,21428808,-172.4272,
2026-07-20 17:35:48,14999724,321426,21428826,-172.4270,
2026-07-20 17:35:49,15000146,321436,21428880,-172.4267,
2026-07-20 17:35:50,15000344,321442,21428946,-172.4263,
2026-07-20 17:35:51,15000574,321447,21428994,-172.4260,
2026-07-20 17:35:52,14999928,321432,21428894,-172.4266,
2026-07-20 17:35:53,14999350,321418,21428794,-172.4272,
2026-07-20 17:35:54,14999140,321413,21428728,-172.4276,
2026-07-20 17:35:55,14999644,321424,21428782,-172.4273,
2026-07-20 17:35:56,15000050,321434,21428872,-172.4268,
2026-07-20 17:35:57,14999470,321420,21428758,-172.4275,
2026-07-20 17:35:58,15000012,321432,21428798,-172.4272,
2026-07-20 17:35:59,15000382,321440,21428816,-172.4271,
2026-07-20 17:36:00,15000586,321445,21428812,-172.4271,
2026-07-20 17:36:01,14999944,321430,21428748,-172.4275,
2026-07-20 17:36:02,14999680,321424,21428700,-172.4278,
2026-07-20 17:36:03,14999396,321416,21428594,-172.4284,
2026-07-20 17:36:04,14999922,321428,21428670,-172.4280,
2026-07-20 17:36:05,15000222,321435,21428670,-172.4280,
2026-07-20 17:36:06,14999634,321421,21428586,-172.4285,
2026-07-20 17:36:07,14999288,321412,21428516,-172.4289,
2026-07-20 17:36:08,14999140,321409,21428462,-172.4292,
2026-07-20 17:36:09,14998898,321403,21428440,-172.4294,
2026-07-20 17:36:10,14998736,321398,21428368,-172.4298,
2026-07-20 17:36:11,14998522,321393,21428298,-172.4302,
2026-07-20 17:36:12,14998574,321394,21428288,-172.4303,
2026-07-20 17:36:13,14998604,321394,21428242,-172.4305,
2026-07-20 17:36:14,14999168,321407,21428324,-172.4301,
2026-07-20 17:36:15,14999646,321418,21428342,-172.4299,
2026-07-20 17:36:16,14999194,321406,21428232,-172.4306,
2026-07-20 17:36:17,14999676,321417,21428272,-172.4304,
2026-07-20 17:36:18,14999868,321422,21428304,-172.4302,
2026-07-20 17:36:19,14999380,321409,21428176,-172.4309,
2026-07-20 17:36:20,14999740,321418,21428248,-172.4305,
2026-07-20 17:36:21,15000002,321424,21428274,-172.4304,
2026-07-20 17:36:22,14999396,321409,21428144,-172.4311,
2026-07-20 17:36:23,14999752,321418,21428194,-172.4308,
2026-07-20 17:36:24,15000094,321425,21428204,-172.4308,
2026-07-20 17:36:25,15000274,321429,21428200,-172.4308,
2026-07-20 17:36:26,14999582,321411,21428014,-172.4319,
2026-07-20 17:36:27,15000014,321421,21428022,-172.4319,
2026-07-20 17:36:28,15000318,321427,21428006,-172.4320,
2026-07-20 17:36:29,15000640,321434,21427988,-172.4321,
2026-07-20 17:36:30,15000768,321436,21427986,-172.4321,
2026-07-20 17:36:31,15000912,321440,21428010,-172.4319,
2026-07-20 17:36:32,15000190,321422,21427852,-172.4329,
2026-07-20 17:36:33,14999640,321408,21427730,-172.4336,
2026-07-20 17:36:34,15000020,321416,21427704,-172.4338,
2026-07-20 17:36:35,15000294,321422,21427708,-172.4338,
2026-07-20 17:36:36,15000658,321431,21427782,-172.4333,
2026-07-20 17:36:37,14999944,321413,21427644,-172.4341,
2026-07-20 17:36:38,15000284,321421,21427676,-172.4339,
2026-07-20 17:36:39,15000650,321429,21427670,-172.4340,
2026-07-20 17:36:40,14999800,321409,21427542,-172.4347,
2026-07-20 17:36:41,15000130,321416,21427564,-172.4346,
2026-07-20 17:36:42,15000368,321421,21427564,-172.4346,
2026-07-20 17:36:43,15000788,321430,21427550,-172.4347,
2026-07-20 17:36:44,15000284,321417,21427404,-172.4356,
2026-07-20 17:36:45,14999888,321407,21427272,-172.4364,
2026-07-20 17:36:46,14999646,321400,21427164,-172.4370,
2026-07-20 17:36:47,14999286,321391,21427054,-172.4377,
2026-07-20 17:36:48,14999036,321384,21427006,-172.4380,
2026-07-20 17:36:49,14998792,321379,21426972,-172.4382,
2026-07-20 17:36:50,14999562,321396,21427040,-172.4378,
2026-07-20 17:36:51,14999204,321387,21426928,-172.4384,
2026-07-20 17:36:52,14999796,321400,21426966,-172.4382,
2026-07-20 17:36:53,15000042,321406,21426984,-172.4381,
2026-07-20 17:36:54,14999520,321393,21426886,-172.4387,
2026-07-20 17:36:55,14999928,321401,21426860,-172.4388,
2026-07-20 17:36:56,15000218,321408,21426876,-172.4387,
2026-07-20 17:36:57,15000284,321409,21426884,-172.4387,
2026-07-20 17:36:58,15000512,321414,21426846,-172.4389,
2026-07-20 17:36:59,14999918,321399,21426744,-172.4395,
2026-07-20 17:37:00,15000256,321407,21426744,-172.4395,
2026-07-20 17:37:01,15000630,321415,21426740,-172.4396,
2026-07-20 17:37:02,15000034,321400,21426634,-172.4402,
2026-07-20 17:37:03,15000324,321406,21426600,-172.4404,
2026-07-20 17:37:04,15000736,321415,21426604,-172.4404,
2026-07-20 17:37:05,15000832,321417,21426582,-172.4405,
2026-07-20 17:37:06,15000168,321399,21426362,-172.4418,
2026-07-20 17:37:07,15000322,321403,21426374,-172.4418,
2026-07-20 17:37:08,15000680,321411,21426404,-172.4416,
2026-07-20 17:37:09,15000872,321415,21426434,-172.4414,
2026-07-20 17:37:10,15001074,321419,21426396,-172.4416,
2026-07-20 17:37:11,15000378,321401,21426224,-172.4427,
